Evento,KE,px,py,pz,x,y,z
1,9.10185e+06,0.657468,0.135306,-0.741234,-6.17588,-3.764,6.90585,